Player,Pos,Bye,Team,Projected $,Skew,Paid,Inflated $ Value,,,,,,,,,,,,,
Adrian Peterson,RB,5,MIN,$78,$0,,$78,,,,,,,,,,,,,
Calvin Johnson,WR,9,DET,$64,$0,,$64,,,,,,,,,,,,,
Doug Martin,RB,5,TB,$63,$0,,$63,,,,,,,,,,,,,
C.J. Spiller,RB,12,BUF,$62,$0,,$62,,,,,,,,,,,,,
Arian Foster,RB,8,HOU,$62,$0,,$62,,,,,,,,,,,,,
Jamaal Charles,RB,10,KC,$58,$0,,$58,,,,,,,,,,,,,
Marshawn Lynch,RB,12,SEA,$56,$0,,$56,,,,,,,,,,,,,
Trent Richardson,RB,10,CLE,$54,$0,,$54,,,,,,,,,,,,,
Ray Rice,RB,8,BAL,$51,$0,,$51,,,,,,,,,,,,,
LeSean McCoy,RB,12,PHI,$51,$0,,$51,,,,,,,,,,,,,
Dez Bryant,WR,11,DAL,$50,$0,,$50,,,,,,,,,,,,,
A.J. Green,WR,12,CIN,$50,$0,,$50,,,,,,,,,,,,,
Brandon Marshall,WR,8,CHI,$48,$0,,$48,,,,,,,,,,,,,
Alfred Morris,RB,5,WAS,$47,$0,,$47,,,,,,,,,,,,,
Julio Jones,WR,6,ATL,$46,$0,,$46,,,,,,,,,,,,,
Aaron Rodgers,QB,4,GB,$46,$0,,$46,,,,,,,,,,,,,
Drew Brees,QB,7,NO,$46,$0,,$46,,,,,,,,,,,,,
Jimmy Graham,TE,7,NO,$45,$0,,$45,,,,,,,,,,,,,
Demaryius Thomas,WR,9,DEN,$42,$0,,$42,,,,,,,,,,,,,
Matt Forte,RB,8,CHI,$40,$0,,$40,,,,,,,,,,,,,
Larry Fitzgerald,WR,9,ARI,$38,$0,,$38,,,,,,,,,,,,,
Andre Johnson,WR,8,HOU,$37,$0,,$37,,,,,,,,,,,,,
Steven Jackson,RB,6,ATL,$37,$0,,$37,,,,,,,,,,,,,
Randall Cobb,WR,4,GB,$37,$0,,$37,,,,,,,,,,,,,
Stevan Ridley,RB,10,NE,$36,$0,,$36,,,,,,,,,,,,,
Roddy White,WR,6,ATL,$36,$0,,$36,,,,,,,,,,,,,
Chris Johnson,RB,8,TEN,$36,$0,,$36,,,,,,,,,,,,,
Rob Gronkowski,TE,10,NE,$35,$0,,$35,,,,,,,,,,,,,
Vincent Jackson,WR,5,TB,$35,$0,,$35,,,,,,,,,,,,,
Cam Newton,QB,4,CAR,$34,$0,,$34,,,,,,,,,,,,,
Peyton Manning,QB,9,DEN,$33,$0,,$33,,,,,,,,,,,,,
Reggie Bush,RB,9,DET,$33,$0,,$33,,,,,,,,,,,,,
Victor Cruz,WR,9,NYG,$32,$0,,$32,,,,,,,,,,,,,
Maurice Jones-Drew,RB,9,JAC,$32,$0,,$32,,,,,,,,,,,,,
DeMarco Murray,RB,11,DAL,$30,$0,,$30,,,,,,,,,,,,,
Frank Gore,RB,9,SF,$28,$0,,$28,,,,,,,,,,,,,
David Wilson,RB,9,NYG,$27,$0,,$27,,,,,,,,,,,,,
Marques Colston,WR,7,NO,$27,$0,,$27,,,,,,,,,,,,,
Tom Brady,QB,10,NE,$26,$0,,$26,,,,,,,,,,,,,
Lamar Miller,RB,6,MIA,$26,$0,,$26,,,,,,,,,,,,,
Dwayne Bowe,WR,10,KC,$25,$0,,$25,,,,,,,,,,,,,
Pierre Garcon,WR,5,WAS,$25,$0,,$25,,,,,,,,,,,,,
Reggie Wayne,WR,8,IND,$25,$0,,$25,,,,,,,,,,,,,
Matt Ryan,QB,6,ATL,$23,$0,,$23,,,,,,,,,,,,,
Steve Smith,WR,4,CAR,$22,$0,,$22,,,,,,,,,,,,,
Steve Smith,WR,N/A,FA,$22,$0,,$22,,,,,,,,,,,,,
Tony Gonzalez,TE,6,ATL,$22,$0,,$22,,,,,,,,,,,,,
Eric Decker,WR,9,DEN,$22,$0,,$22,,,,,,,,,,,,,
Torrey Smith,WR,8,BAL,$22,$0,,$22,,,,,,,,,,,,,
Wes Welker,WR,9,DEN,$22,$0,,$22,,,,,,,,,,,,,
Darren McFadden,RB,7,OAK,$21,$0,,$21,,,,,,,,,,,,,
Colin Kaepernick,QB,9,SF,$21,$0,,$21,,,,,,,,,,,,,
Jason Witten,TE,11,DAL,$21,$0,,$21,,,,,,,,,,,,,
Jordy Nelson,WR,4,GB,$21,$0,,$21,,,,,,,,,,,,,
Antonio Brown,WR,5,PIT,$21,$0,,$21,,,,,,,,,,,,,
Danny Amendola,WR,10,NE,$19,$0,,$19,,,,,,,,,,,,,
Matthew Stafford,QB,9,DET,$19,$0,,$19,,,,,,,,,,,,,
Hakeem Nicks,WR,9,NYG,$19,$0,,$19,,,,,,,,,,,,,
Andrew Luck,QB,8,IND,$18,$0,,$18,,,,,,,,,,,,,
Cecil Shorts,WR,9,JAC,$18,$0,,$18,,,,,,,,,,,,,
Darren Sproles,RB,7,NO,$18,$0,,$18,,,,,,,,,,,,,
Mike Wallace,WR,6,MIA,$18,$0,,$18,,,,,,,,,,,,,
Vernon Davis,TE,9,SF,$17,$0,,$17,,,,,,,,,,,,,
James Jones,WR,4,GB,$17,$0,,$17,,,,,,,,,,,,,
Eddie Lacy,RB,4,GB,$16,$0,,$16,,,,,,,,,,,,,
Ty Hilton,WR,8,IND,$15,$0,,$15,,,,,,,,,,,,,
DeSean Jackson,WR,12,PHI,$15,$0,,$15,,,,,,,,,,,,,
Robert Griffin III,QB,5,WAS,$14,$0,,$14,,,,,,,,,,,,,
Steve Johnson,WR,12,BUF,$14,$0,,$14,,,,,,,,,,,,,
Tony Romo,QB,11,DAL,$12,$0,,$12,,,,,,,,,,,,,
Mike Williams,WR,5,TB,$12,$0,,$12,,,,,,,,,,,,,
Russell Wilson,QB,12,SEA,$11,$0,,$11,,,,,,,,,,,,,
Jermichael Finley,TE,4,GB,$11,$0,,$11,,,,,,,,,,,,,
Josh Gordon,WR,10,CLE,$11,$0,,$11,,,,,,,,,,,,,
Lance Moore,WR,7,NO,$10,$0,,$10,,,,,,,,,,,,,
Ryan Mathews,RB,8,SD,$10,$0,,$10,,,,,,,,,,,,,
Montee Ball,RB,9,DEN,$10,$0,,$10,,,,,,,,,,,,,
Greg Olsen,TE,4,CAR,$10,$0,,$10,,,,,,,,,,,,,
Rashard Mendenhall,RB,9,ARI,$10,$0,,$10,,,,,,,,,,,,,
Miles Austin,WR,11,DAL,$10,$0,,$10,,,,,,,,,,,,,
Tavon Austin,WR,11,STL,$10,$0,,$10,,,,,,,,,,,,,
Kenny Britt,WR,8,TEN,$9,$0,,$9,,,,,,,,,,,,,
Ahmad Bradshaw,RB,8,IND,$9,$0,,$9,,,,,,,,,,,,,
Christopher Ivory,RB,10,NYJ,$9,$0,,$9,,,,,,,,,,,,,
Anquan Boldin,WR,9,SF,$9,$0,,$9,,,,,,,,,,,,,
Daryl Richardson,RB,11,STL,$9,$0,,$9,,,,,,,,,,,,,
Golden Tate,WR,12,SEA,$9,$0,,$9,,,,,,,,,,,,,
Greg Jennings,WR,5,MIN,$9,$0,,$9,,,,,,,,,,,,,
Chris Givens,WR,11,STL,$8,$0,,$8,,,,,,,,,,,,,
Giovani Bernard,RB,12,CIN,$8,$0,,$8,,,,,,,,,,,,,
Shane Vereen,RB,10,NE,$8,$0,,$8,,,,,,,,,,,,,
Jared Cook,TE,11,STL,$8,$0,,$8,,,,,,,,,,,,,
Michael Floyd,WR,9,ARI,$8,$0,,$8,,,,,,,,,,,,,
Antonio Gates,TE,8,SD,$7,$0,,$7,,,,,,,,,,,,,
Denarius Moore,WR,7,OAK,$7,$0,,$7,,,,,,,,,,,,,
Emmanuel Sanders,WR,5,PIT,$7,$0,,$7,,,,,,,,,,,,,
Eli Manning,QB,9,NYG,$7,$0,,$7,,,,,,,,,,,,,
DeAngelo Williams,RB,4,CAR,$6,$0,,$6,,,,,,,,,,,,,
Sidney Rice,WR,12,SEA,$6,$0,,$6,,,,,,,,,,,,,
Alshon Jeffery,WR,8,CHI,$6,$0,,$6,,,,,,,,,,,,,
Justin Blackmon,WR,9,JAC,$6,$0,,$6,,,,,,,,,,,,,
Vincent Brown,WR,8,SD,$6,$0,,$6,,,,,,,,,,,,,
Rueben Randle,WR,9,NYG,$6,$0,,$6,,,,,,,,,,,,,
Ryan Broyles,WR,9,DET,$5,$0,,$5,,,,,,,,,,,,,
Kenbrell Thompkins,WR,10,NE,$5,$0,,$5,,,,,,,,,,,,,
Kyle Rudolph,TE,5,MIN,$5,$0,,$5,,,,,,,,,,,,,
DeAndre Hopkins,WR,8,HOU,$5,$0,,$5,,,,,,,,,,,,,
BenJarvus Green-Ellis,RB,12,CIN,$5,$0,,$5,,,,,,,,,,,,,
Mark Ingram,RB,7,NO,$5,$0,,$5,,,,,,,,,,,,,
Kendall Wright,WR,8,TEN,$5,$0,,$5,,,,,,,,,,,,,
Brian Hartline,WR,6,MIA,$5,$0,,$5,,,,,,,,,,,,,
Jordan Cameron,TE,10,CLE,$4,$0,,$4,,,,,,,,,,,,,
Brandon LaFell,WR,4,CAR,$4,$0,,$4,,,,,,,,,,,,,
Owen Daniels,TE,8,HOU,$4,$0,,$4,,,,,,,,,,,,,
Greg Little,WR,10,CLE,$4,$0,,$4,,,,,,,,,,,,,
Brandon Myers,TE,9,NYG,$4,$0,,$4,,,,,,,,,,,,,
Andy Dalton,QB,12,CIN,$4,$0,,$4,,,,,,,,,,,,,
Martellus Bennett,TE,8,CHI,$4,$0,,$4,,,,,,,,,,,,,
Josh Freeman,QB,5,TB,$3,$0,,$3,,,,,,,,,,,,,
Brandon Pettigrew,TE,9,DET,$3,$0,,$3,,,,,,,,,,,,,
Malcom Floyd,WR,8,SD,$3,$0,,$3,,,,,,,,,,,,,
Andre Brown,RB,9,NYG,$3,$0,,$3,,,,,,,,,,,,,
Rod Streater,WR,7,OAK,$3,$0,,$3,,,,,,,,,,,,,
Fred Davis,TE,5,WAS,$3,$0,,$3,,,,,,,,,,,,,
Darrius Heyward-Bey,WR,8,IND,$2,$0,,$2,,,,,,,,,,,,,
Michael Vick,QB,12,PHI,$2,$0,,$2,,,,,,,,,,,,,
Andre Roberts,WR,9,ARI,$2,$0,,$2,,,,,,,,,,,,,
Ben Tate,RB,8,HOU,$2,$0,,$2,,,,,,,,,,,,,
Mohamed Sanu,WR,12,CIN,$2,$0,,$2,,,,,,,,,,,,,
Carson Palmer,QB,9,ARI,$2,$0,,$2,,,,,,,,,,,,,
Danny Woodhead,RB,8,SD,$1,$0,,$1,,,,,,,,,,,,,
Jacoby Jones,WR,8,BAL,$1,$0,,$1,,,,,,,,,,,,,
Ben Roethlisberger,QB,5,PIT,$1,$0,,$1,,,,,,,,,,,,,
Pierre Thomas,RB,7,NO,$1,$0,,$1,,,,,,,,,,,,,
Vick Ballard,RB,8,IND,$1,$0,,$1,,,,,,,,,,,,,
Jay Cutler,QB,8,CHI,$1,$0,,$1,,,,,,,,,,,,,
Tyler Eifert,TE,12,CIN,$1,$0,,$1,,,,,,,,,,,,,
Coby Fleener,TE,8,IND,$1,$0,,$1,,,,,,,,,,,,,
Nate Burleson,WR,9,DET,$1,$0,,$1,,,,,,,,,,,,,
Marcedes Lewis,TE,9,JAC,$1,$0,,$1,,,,,,,,,,,,,
Bernard Pierce,RB,8,BAL,$1,$0,,$1,,,,,,,,,,,,,
Willis McGahee,RB,N/A,FA,$1,$0,,$1,,,,,,,,,,,,,
Robert Woods,WR,12,BUF,$1,$0,,$1,,,,,,,,,,,,,
Jonathan Stewart,RB,4,CAR,$1,$0,,$1,,,,,,,,,,,,,
Zach Sudfeld,TE,10,NE,$1,$0,,$1,,,,,,,,,,,,,
Matt Schaub,QB,8,HOU,$0,$0,,$0,,,,,,,,,,,,,
Sam Bradford,QB,11,STL,$0,$0,,$0,,,,,,,,,,,,,
Jermaine Gresham,TE,12,CIN,$0,$0,,$0,,,,,,,,,,,,,
Cordarrelle Patterson,WR,5,MIN,$0,$0,,$0,,,,,,,,,,,,,
Philip Rivers,QB,8,SD,$0,$0,,$0,,,,,,,,,,,,,
Bryce Brown,RB,12,PHI,$0,$0,,$0,,,,,,,,,,,,,
Fred Jackson,RB,12,BUF,$0,$0,,$0,,,,,,,,,,,,,
Jeremy Kerley,WR,10,NYJ,$0,$0,,$0,,,,,,,,,,,,,
Zach Miller,TE,12,SEA,$0,$0,,$0,,,,,,,,,,,,,
Zach Miller,TE,5,TB,$0,$0,,$0,,,,,,,,,,,,,
Donnie Avery,WR,10,KC,$0,$0,,$0,,,,,,,,,,,,,
Ronnie Hillman,RB,9,DEN,$0,$0,,$0,,,,,,,,,,,,,
Jacquizz Rodgers,RB,6,ATL,$0,$0,,$0,,,,,,,,,,,,,
Joique Bell,RB,9,DET,$0,$0,,$0,,,,,,,,,,,,,
Le'Veon Bell,RB,5,PIT,$0,$0,,$0,,,,,,,,,,,,,
Isaiah Pead,RB,11,STL,$0,$0,,$0,,,,,,,,,,,,,
Michael Bush,RB,8,CHI,$0,$0,,$0,,,,,,,,,,,,,
Shonn Greene,RB,8,TEN,$0,$0,,$0,,,,,,,,,,,,,
Bilal Powell,RB,10,NYJ,$0,$0,,$0,,,,,,,,,,,,,
Daniel Thomas,RB,6,MIA,$0,$0,,$0,,,,,,,,,,,,,
Isaac Redman,RB,5,PIT,$0,$0,,$0,,,,,,,,,,,,,
Joe Flacco,QB,8,BAL,$0,$0,,$0,,,,,,,,,,,,,
Johnathan Franklin,RB,4,GB,$0,$0,,$0,,,,,,,,,,,,,
Roy Helu,RB,5,WAS,$0,$0,,$0,,,,,,,,,,,,,
Kendall Hunter,RB,9,SF,$0,$0,,$0,,,,,,,,,,,,,
Mike Tolbert,RB,4,CAR,$0,$0,,$0,,,,,,,,,,,,,
Knowshon Moreno,RB,9,DEN,$0,$0,,$0,,,,,,,,,,,,,
Mikel Leshoure,RB,9,DET,$0,$0,,$0,,,,,,,,,,,,,
Marcel Reece,RB,7,OAK,$0,$0,,$0,,,,,,,,,,,,,
Heath Miller,TE,5,PIT,$0,$0,,$0,,,,,,,,,,,,,
Alex Smith,QB,10,KC,$0,$0,,$0,,,,,,,,,,,,,
Ryan Tannehill,QB,6,MIA,$0,$0,,$0,,,,,,,,,,,,,
Brandon Weeden,QB,10,CLE,$0,$0,,$0,,,,,,,,,,,,,
Jake Locker,QB,8,TEN,$0,$0,,$0,,,,,,,,,,,,,
E.J. Manuel,QB,12,BUF,$0,$0,,$0,,,,,,,,,,,,,
Christian Ponder,QB,5,MIN,$0,$0,,$0,,,,,,,,,,,,,
Blaine Gabbert,QB,9,JAC,$0,$0,,$0,,,,,,,,,,,,,
Geno Smith,QB,10,NYJ,$0,$0,,$0,,,,,,,,,,,,,
Terrelle Pryor,QB,7,OAK,$0,$0,,$0,,,,,,,,,,,,,
Matt Flynn,QB,7,OAK,$0,$0,,$0,,,,,,,,,,,,,
Chad Henne,QB,9,JAC,$0,$0,,$0,,,,,,,,,,,,,
Mark Sanchez,QB,10,NYJ,$0,$0,,$0,,,,,,,,,,,,,
Nick Foles,QB,12,PHI,$0,$0,,$0,,,,,,,,,,,,,
Matt Cassel,QB,5,MIN,$0,$0,,$0,,,,,,,,,,,,,
Ryan Fitzpatrick,QB,8,TEN,$0,$0,,$0,,,,,,,,,,,,,
Kirk Cousins,QB,5,WAS,$0,$0,,$0,,,,,,,,,,,,,
Kevin Kolb,QB,12,BUF,$0,$0,,$0,,,,,,,,,,,,,
Matt Barkley,QB,12,PHI,$0,$0,,$0,,,,,,,,,,,,,
Bruce Gradkowski,QB,5,PIT,$0,$0,,$0,,,,,,,,,,,,,
Jason Campbell,QB,10,CLE,$0,$0,,$0,,,,,,,,,,,,,
Jeff Tuel,QB,12,BUF,$0,$0,,$0,,,,,,,,,,,,,
Chase Daniel,QB,10,KC,$0,$0,,$0,,,,,,,,,,,,,
Matt Moore,QB,6,MIA,$0,$0,,$0,,,,,,,,,,,,,
Colt McCoy,QB,9,SF,$0,$0,,$0,,,,,,,,,,,,,
Drew Stanton,QB,9,ARI,$0,$0,,$0,,,,,,,,,,,,,
Brian Hoyer,QB,10,CLE,$0,$0,,$0,,,,,,,,,,,,,
Tyrod Taylor,QB,8,BAL,$0,$0,,$0,,,,,,,,,,,,,
Domanique Davis,QB,6,ATL,$0,$0,,$0,,,,,,,,,,,,,
Josh McCown,QB,8,CHI,$0,$0,,$0,,,,,,,,,,,,,
Dennis Dixon,QB,12,PHI,$0,$0,,$0,,,,,,,,,,,,,
Tim Tebow,QB,10,NE,$0,$0,,$0,,,,,,,,,,,,,
Kyle Orton,QB,11,DAL,$0,$0,,$0,,,,,,,,,,,,,
Charlie Whitehurst,QB,8,SD,$0,$0,,$0,,,,,,,,,,,,,
Graham Harrell,QB,10,NYJ,$0,$0,,$0,,,,,,,,,,,,,
Shaun Hill,QB,9,DET,$0,$0,,$0,,,,,,,,,,,,,
Brock Osweiler,QB,9,DEN,$0,$0,,$0,,,,,,,,,,,,,
Tyler Wilson,QB,7,OAK,$0,$0,,$0,,,,,,,,,,,,,
Josh Johnson,QB,12,CIN,$0,$0,,$0,,,,,,,,,,,,,
Ryan Mallett,QB,10,NE,$0,$0,,$0,,,,,,,,,,,,,
Curtis Painter,QB,9,NYG,$0,$0,,$0,,,,,,,,,,,,,
Taylor Yates,QB,8,HOU,$0,$0,,$0,,,,,,,,,,,,,
Luke McCown,QB,7,NO,$0,$0,,$0,,,,,,,,,,,,,
Matt Hasselbeck,QB,8,IND,$0,$0,,$0,,,,,,,,,,,,,
Brady Quinn,QB,12,SEA,$0,$0,,$0,,,,,,,,,,,,,
Austin Davis,QB,11,STL,$0,$0,,$0,,,,,,,,,,,,,
Vince Young,QB,4,GB,$0,$0,,$0,,,,,,,,,,,,,
Ryan Nassib,QB,9,NYG,$0,$0,,$0,,,,,,,,,,,,,
Tarvaris Jackson,QB,12,SEA,$0,$0,,$0,,,,,,,,,,,,,
Dan Orlovsky,QB,5,TB,$0,$0,,$0,,,,,,,,,,,,,
Mike Glennon,QB,5,TB,$0,$0,,$0,,,,,,,,,,,,,
Derek Anderson,QB,4,CAR,$0,$0,,$0,,,,,,,,,,,,,
David Carr,QB,9,NYG,$0,$0,,$0,,,,,,,,,,,,,
B.J. Coleman,QB,4,GB,$0,$0,,$0,,,,,,,,,,,,,
Ryan Lindley,QB,9,ARI,$0,$0,,$0,,,,,,,,,,,,,
Matt Simms,QB,10,NYJ,$0,$0,,$0,,,,,,,,,,,,,
Mike Kafka,QB,9,JAC,$0,$0,,$0,,,,,,,,,,,,,
Kellen Moore,QB,9,DET,$0,$0,,$0,,,,,,,,,,,,,
Trent Edwards,QB,8,CHI,$0,$0,,$0,,,,,,,,,,,,,
Case Keenum,QB,8,HOU,$0,$0,,$0,,,,,,,,,,,,,
Zac Dysert,QB,9,DEN,$0,$0,,$0,,,,,,,,,,,,,
Caleb Hanie,QB,8,BAL,$0,$0,,$0,,,,,,,,,,,,,
Matt Leinart,QB,12,BUF,$0,$0,,$0,,,,,,,,,,,,,
Landry Jones,QB,5,PIT,$0,$0,,$0,,,,,,,,,,,,,
Brad Sorensen,QB,8,SD,$0,$0,,$0,,,,,,,,,,,,,
Rex Grossman,QB,5,WAS,$0,$0,,$0,,,,,,,,,,,,,
Greg McElroy,QB,10,NYJ,$0,$0,,$0,,,,,,,,,,,,,
Chandler Harnish,QB,8,IND,$0,$0,,$0,,,,,,,,,,,,,
John Skelton,QB,12,CIN,$0,$0,,$0,,,,,,,,,,,,,
Kellen Clemens,QB,11,STL,$0,$0,,$0,,,,,,,,,,,,,
Ricky Stanzi,QB,9,JAC,$0,$0,,$0,,,,,,,,,,,,,
Seneca Wallace,QB,N/A,FA,$0,$0,,$0,,,,,,,,,,,,,
Thaddeus Lewis,QB,12,BUF,$0,$0,,$0,,,,,,,,,,,,,
Matt McGloin,QB,7,OAK,$0,$0,,$0,,,,,,,,,,,,,
Zac Robinson,QB,12,CIN,$0,$0,,$0,,,,,,,,,,,,,
Pat White,QB,5,WAS,$0,$0,,$0,,,,,,,,,,,,,
B.J. Daniels,QB,9,SF,$0,$0,,$0,,,,,,,,,,,,,
Sean Renfree,QB,6,ATL,$0,$0,,$0,,,,,,,,,,,,,
Matt Scott,QB,9,JAC,$0,$0,,$0,,,,,,,,,,,,,
Alex Tanney,QB,11,DAL,$0,$0,,$0,,,,,,,,,,,,,
Jimmy Clausen,QB,4,CAR,$0,$0,,$0,,,,,,,,,,,,,
Pat Devlin,QB,6,MIA,$0,$0,,$0,,,,,,,,,,,,,
Jordan Palmer,QB,8,CHI,$0,$0,,$0,,,,,,,,,,,,,
Tyler Bray,QB,10,KC,$0,$0,,$0,,,,,,,,,,,,,
Rusty Smith,QB,8,TEN,$0,$0,,$0,,,,,,,,,,,,,
Dayne Crist,QB,8,BAL,$0,$0,,$0,,,,,,,,,,,,,
McLeod Bethel-Thompson,QB,5,MIN,$0,$0,,$0,,,,,,,,,,,,,
Jake Delhomme,QB,N/A,FA,$0,$0,,$0,,,,,,,,,,,,,
Jonathan Dwyer,RB,5,PIT,$0,$0,,$0,,,,,,,,,,,,,
Knile Davis,RB,10,KC,$0,$0,,$0,,,,,,,,,,,,,
Christine Michael,RB,12,SEA,$0,$0,,$0,,,,,,,,,,,,,
Toby Gerhart,RB,5,MIN,$0,$0,,$0,,,,,,,,,,,,,
Rashad Jennings,RB,7,OAK,$0,$0,,$0,,,,,,,,,,,,,
LaRod Stephens-Howling,RB,5,PIT,$0,$0,,$0,,,,,,,,,,,,,
LaMichael James,RB,9,SF,$0,$0,,$0,,,,,,,,,,,,,
Robert Turbin,RB,12,SEA,$0,$0,,$0,,,,,,,,,,,,,
Dexter McCluster,RB,10,KC,$0,$0,,$0,,,,,,,,,,,,,
Denard Robinson,RB,9,JAC,$0,$0,,$0,,,,,,,,,,,,,
Mike Goodson,RB,10,NYJ,$0,$0,,$0,,,,,,,,,,,,,
Joseph Randle,RB,11,DAL,$0,$0,,$0,,,,,,,,,,,,,
Zac Stacy,RB,11,STL,$0,$0,,$0,,,,,,,,,,,,,
Lance Dunbar,RB,11,DAL,$0,$0,,$0,,,,,,,,,,,,,
Ryan Williams,RB,9,ARI,$0,$0,,$0,,,,,,,,,,,,,
LeGarrette Blount,RB,10,NE,$0,$0,,$0,,,,,,,,,,,,,
Mike James,RB,5,TB,$0,$0,,$0,,,,,,,,,,,,,
Donald Brown,RB,8,IND,$0,$0,,$0,,,,,,,,,,,,,
Justin Forsett,RB,9,JAC,$0,$0,,$0,,,,,,,,,,,,,
Stepfan Taylor,RB,9,ARI,$0,$0,,$0,,,,,,,,,,,,,
Mike Gillislee,RB,6,MIA,$0,$0,,$0,,,,,,,,,,,,,
Jordan Todman,RB,9,JAC,$0,$0,,$0,,,,,,,,,,,,,
Dion Lewis,RB,10,CLE,$0,$0,,$0,,,,,,,,,,,,,
Charles Clay,RB,6,MIA,$0,$0,,$0,,,,,,,,,,,,,
Ronnie Brown,RB,8,SD,$0,$0,,$0,,,,,,,,,,,,,
Chris Polk,RB,12,PHI,$0,$0,,$0,,,,,,,,,,,,,
John Kuhn,RB,4,GB,$0,$0,,$0,,,,,,,,,,,,,
Jason Snelling,RB,6,ATL,$0,$0,,$0,,,,,,,,,,,,,
Brandon Jackson,RB,10,CLE,$0,$0,,$0,,,,,,,,,,,,,
James Starks,RB,4,GB,$0,$0,,$0,,,,,,,,,,,,,
Andre Ellington,RB,9,ARI,$0,$0,,$0,,,,,,,,,,,,,
Evan Royster,RB,5,WAS,$0,$0,,$0,,,,,,,,,,,,,
Alfonso Smith,RB,9,ARI,$0,$0,,$0,,,,,,,,,,,,,
Kenjon Barner,RB,4,CAR,$0,$0,,$0,,,,,,,,,,,,,
Alex Green,RB,4,GB,$0,$0,,$0,,,,,,,,,,,,,
Deji Karim,RB,8,HOU,$0,$0,,$0,,,,,,,,,,,,,
Chris Ogbonnaya,RB,10,CLE,$0,$0,,$0,,,,,,,,,,,,,
Phillip Tanner,RB,11,DAL,$0,$0,,$0,,,,,,,,,,,,,
Latavius Murray,RB,7,OAK,$0,$0,,$0,,,,,,,,,,,,,
Delone Carter,RB,8,BAL,$0,$0,,$0,,,,,,,,,,,,,
Brian Leonard,RB,5,TB,$0,$0,,$0,,,,,,,,,,,,,
Shaun Draughn,RB,10,KC,$0,$0,,$0,,,,,,,,,,,,,
William Powell,RB,N/A,FA,$0,$0,,$0,,,,,,,,,,,,,
Jorvorski Lane,RB,N/A,FA,$0,$0,,$0,,,,,,,,,,,,,
Michael Cox,RB,9,NYG,$0,$0,,$0,,,,,,,,,,,,,
Vonta Leach,RB,8,BAL,$0,$0,,$0,,,,,,,,,,,,,
Brandon Bolden,RB,10,NE,$0,$0,,$0,,,,,,,,,,,,,
DuJuan Harris,RB,4,GB,$0,$0,,$0,,,,,,,,,,,,,
Fozzy Whittaker,RB,8,SD,$0,$0,,$0,,,,,,,,,,,,,
Felix Jones,RB,5,PIT,$0,$0,,$0,,,,,,,,,,,,,
Armando Allen,RB,8,CHI,$0,$0,,$0,,,,,,,,,,,,,
Peyton Hillis,RB,5,TB,$0,$0,,$0,,,,,,,,,,,,,
Montario Hardesty,RB,10,CLE,$0,$0,,$0,,,,,,,,,,,,,
Joe McKnight,RB,N/A,FA,$0,$0,,$0,,,,,,,,,,,,,
Jamie Harper,RB,N/A,FA,$0,$0,,$0,,,,,,,,,,,,,
Cedric Peerman,RB,12,CIN,$0,$0,,$0,,,,,,,,,,,,,
Leon Washington,RB,10,NE,$0,$0,,$0,,,,,,,,,,,,,
Will Johnson,RB,5,PIT,$0,$0,,$0,,,,,,,,,,,,,
Bernard Scott,RB,12,CIN,$0,$0,,$0,,,,,,,,,,,,,
Taiwan Jones,RB,7,OAK,$0,$0,,$0,,,,,,,,,,,,,
Anthony Dixon,RB,9,SF,$0,$0,,$0,,,,,,,,,,,,,
Lance Ball,RB,9,DEN,$0,$0,,$0,,,,,,,,,,,,,
Da'Rel Scott,RB,9,NYG,$0,$0,,$0,,,,,,,,,,,,,
Dennis Johnson,RB,8,HOU,$0,$0,,$0,,,,,,,,,,,,,
Baron Batch,RB,N/A,FA,$0,$0,,$0,,,,,,,,,,,,,
Michael Robinson,RB,12,SEA,$0,$0,,$0,,,,,,,,,,,,,
Jacob Hester,RB,9,DEN,$0,$0,,$0,,,,,,,,,,,,,
Montell Owens,RB,9,DET,$0,$0,,$0,,,,,,,,,,,,,
Tashard Choice,RB,12,BUF,$0,$0,,$0,,,,,,,,,,,,,
Keiland Williams,RB,5,WAS,$0,$0,,$0,,,,,,,,,,,,,
Jed Collins,RB,7,NO,$0,$0,,$0,,,,,,,,,,,,,
Orson Charles,RB,12,CIN,$0,$0,,$0,,,,,,,,,,,,,
Danny Ware,RB,N/A,FA,$0,$0,,$0,,,,,,,,,,,,,
Darrel Young,RB,5,WAS,$0,$0,,$0,,,,,,,,,,,,,
Le'Ron McClain,RB,8,SD,$0,$0,,$0,,,,,,,,,,,,,
Kahlil Bell,RB,10,NYJ,$0,$0,,$0,,,,,,,,,,,,,
Ryan Torain,RB,9,NYG,$0,$0,,$0,,,,,,,,,,,,,
Michael Ford,RB,8,CHI,$0,$0,,$0,,,,,,,,,,,,,
Rex Burkhead,RB,12,CIN,$0,$0,,$0,,,,,,,,,,,,,
Jeremy Stewart,RB,7,OAK,$0,$0,,$0,,,,,,,,,,,,,
Travaris Cadet,RB,7,NO,$0,$0,,$0,,,,,,,,,,,,,
Henry Hynoski,RB,9,NYG,$0,$0,,$0,,,,,,,,,,,,,
Evan Rodriguez,RB,6,MIA,$0,$0,,$0,,,,,,,,,,,,,
Anthony Allen,RB,8,BAL,$0,$0,,$0,,,,,,,,,,,,,
Ryan D'Imperio,RB,N/A,FA,$0,$0,,$0,,,,,,,,,,,,,
Stanley Havili,RB,8,IND,$0,$0,,$0,,,,,,,,,,,,,
Miguel Maysonet,RB,10,CLE,$0,$0,,$0,,,,,,,,,,,,,
Cyrus Gray,RB,10,KC,$0,$0,,$0,,,,,,,,,,,,,
Jerome Felton,RB,5,MIN,$0,$0,,$0,,,,,,,,,,,,,
Benny Cunningham,RB,11,STL,$0,$0,,$0,,,,,,,,,,,,,
Matthew Tucker,RB,12,PHI,$0,$0,,$0,,,,,,,,,,,,,
Darius Reynaud,RB,8,TEN,$0,$0,,$0,,,,,,,,,,,,,
Bruce Miller,RB,9,SF,$0,$0,,$0,,,,,,,,,,,,,
Chris Thompson,RB,5,WAS,$0,$0,,$0,,,,,,,,,,,,,
Harvey Unga,RB,8,CHI,$0,$0,,$0,,,,,,,,,,,,,
Tristan Davis,RB,N/A,FA,$0,$0,,$0,,,,,,,,,,,,,
Chris Pressley,RB,12,CIN,$0,$0,,$0,,,,,,,,,,,,,
Dorin Dickerson,RB,12,BUF,$0,$0,,$0,,,,,,,,,,,,,
Kerwynn Williams,RB,8,IND,$0,$0,,$0,,,,,,,,,,,,,
Shaun Chapas,RB,9,DET,$0,$0,,$0,,,,,,,,,,,,,
Owen Marecic,RB,N/A,FA,$0,$0,,$0,,,,,,,,,,,,,
Quinn Johnson,RB,8,TEN,$0,$0,,$0,,,,,,,,,,,,,
Lawrence Vickers,RB,N/A,FA,$0,$0,,$0,,,,,,,,,,,,,
Jackie Battle,RB,8,TEN,$0,$0,,$0,,,,,,,,,,,,,
Tommy Bohanon,RB,10,NYJ,$0,$0,,$0,,,,,,,,,,,,,
Michael Smith,RB,5,TB,$0,$0,,$0,,,,,,,,,,,,,
Antone Smith,RB,6,ATL,$0,$0,,$0,,,,,,,,,,,,,
Cierre Wood,RB,8,HOU,$0,$0,,$0,,,,,,,,,,,,,
Marcus Thigpen,RB,6,MIA,$0,$0,,$0,,,,,,,,,,,,,
Matt Asiata,RB,5,MIN,$0,$0,,$0,,,,,,,,,,,,,
Lex Hilliard,RB,10,NYJ,$0,$0,,$0,,,,,,,,,,,,,
David Johnson,RB,N/A,FA,$0,$0,,$0,,,,,,,,,,,,,
John Griffin,RB,10,NYJ,$0,$0,,$0,,,,,,,,,,,,,
Dan Herron,RB,12,CIN,$0,$0,,$0,,,,,,,,,,,,,
Theo Riddick,RB,9,DET,$0,$0,,$0,,,,,,,,,,,,,
Tauren Poole,RB,4,CAR,$0,$0,,$0,,,,,,,,,,,,,
Anthony Sherman,RB,10,KC,$0,$0,,$0,,,,,,,,,,,,,
Jalen Parmele,RB,8,TEN,$0,$0,,$0,,,,,,,,,,,,,
Jonas Gray,RB,6,MIA,$0,$0,,$0,,,,,,,,,,,,,
Bradie Ewing,RB,6,ATL,$0,$0,,$0,,,,,,,,,,,,,
Erik Lorig,RB,5,TB,$0,$0,,$0,,,,,,,,,,,,,
James Develin,RB,10,NE,$0,$0,,$0,,,,,,,,,,,,,
Tony Fiammetta,RB,10,NE,$0,$0,,$0,,,,,,,,,,,,,
Mike Cox,RB,N/A,FA,$0,$0,,$0,,,,,,,,,,,,,
Jamie McCoy,RB,5,PIT,$0,$0,,$0,,,,,,,,,,,,,
Kyle Juszczyk,RB,8,BAL,$0,$0,,$0,,,,,,,,,,,,,
Tyler Clutts,RB,8,HOU,$0,$0,,$0,,,,,,,,,,,,,
Will Ta'ufo'ou,RB,9,JAC,$0,$0,,$0,,,,,,,,,,,,,
John Conner,RB,12,CIN,$0,$0,,$0,,,,,,,,,,,,,
Stefan Logan,RB,N/A,FA,$0,$0,,$0,,,,,,,,,,,,,
Chris Gronkowski,RB,8,SD,$0,$0,,$0,,,,,,,,,,,,,
Brit Miller,RB,N/A,FA,$0,$0,,$0,,,,,,,,,,,,,
Nate Eachus,RB,N/A,FA,$0,$0,,$0,,,,,,,,,,,,,
Armond Smith,RB,4,CAR,$0,$0,,$0,,,,,,,,,,,,,
Corey McIntyre,RB,N/A,FA,$0,$0,,$0,,,,,,,,,,,,,
Manase Tonga,RB,N/A,FA,$0,$0,,$0,,,,,,,,,,,,,
Reagan Maui'a,RB,9,ARI,$0,$0,,$0,,,,,,,,,,,,,
Brock Bolen,RB,N/A,FA,$0,$0,,$0,,,,,,,,,,,,,
Thomas Clayton,RB,N/A,FA,$0,$0,,$0,,,,,,,,,,,,,
Eddie Williams,RB,10,CLE,$0,$0,,$0,,,,,,,,,,,,,
Robert Hughes,RB,8,IND,$0,$0,,$0,,,,,,,,,,,,,
Moran Norris,RB,N/A,FA,$0,$0,,$0,,,,,,,,,,,,,
Josh Vaughan,RB,6,ATL,$0,$0,,$0,,,,,,,,,,,,,
Allen Bradford,RB,12,SEA,$0,$0,,$0,,,,,,,,,,,,,
Jewel Hampton,RB,N/A,FA,$0,$0,,$0,,,,,,,,,,,,,
Jawan Jamison,RB,5,WAS,$0,$0,,$0,,,,,,,,,,,,,
Ronnie Wingo,RB,6,ATL,$0,$0,,$0,,,,,,,,,,,,,
C.J. Anderson,RB,9,DEN,$0,$0,,$0,,,,,,,,,,,,,
Mossis Madu,RB,N/A,FA,$0,$0,,$0,,,,,,,,,,,,,
Jonathan Grimes,RB,9,JAC,$0,$0,,$0,,,,,,,,,,,,,
Bobby Rainey,RB,8,BAL,$0,$0,,$0,,,,,,,,,,,,,
Khiry Robinson,RB,7,NO,$0,$0,,$0,,,,,,,,,,,,,
Marcus Lattimore,RB,9,SF,$0,$0,,$0,,,,,,,,,,,,,
Dominique Whaley,RB,12,SEA,$0,$0,,$0,,,,,,,,,,,,,
Steven Miller,RB,9,DET,$0,$0,,$0,,,,,,,,,,,,,
Jeff Demps,RB,5,TB,$0,$0,,$0,,,,,,,,,,,,,
Michael Hill,RB,8,SD,$0,$0,,$0,,,,,,,,,,,,,
Jeremiah Johnson,RB,9,DEN,$0,$0,,$0,,,,,,,,,,,,,
Santonio Holmes,WR,10,NYJ,$0,$0,,$0,,,,,,,,,,,,,
Aaron Dobson,WR,10,NE,$0,$0,,$0,,,,,,,,,,,,,
Santana Moss,WR,5,WAS,$0,$0,,$0,,,,,,,,,,,,,
Stephen Hill,WR,10,NYJ,$0,$0,,$0,,,,,,,,,,,,,
Brandon Gibson,WR,6,MIA,$0,$0,,$0,,,,,,,,,,,,,
Nate Washington,WR,8,TEN,$0,$0,,$0,,,,,,,,,,,,,
Davone Bess,WR,10,CLE,$0,$0,,$0,,,,,,,,,,,,,
Josh Morgan,WR,5,WAS,$0,$0,,$0,,,,,,,,,,,,,
Dexter McCluster,WR,10,KC,$0,$0,,$0,,,,,,,,,,,,,
Riley Cooper,WR,12,PHI,$0,$0,,$0,,,,,,,,,,,,,
Markus Wheaton,WR,5,PIT,$0,$0,,$0,,,,,,,,,,,,,
Keenan Allen,WR,8,SD,$0,$0,,$0,,,,,,,,,,,,,
Jarius Wright,WR,5,MIN,$0,$0,,$0,,,,,,,,,,,,,
Kenny Stills,WR,7,NO,$0,$0,,$0,,,,,,,,,,,,,
Leonard Hankerson,WR,5,WAS,$0,$0,,$0,,,,,,,,,,,,,
Jason Avant,WR,12,PHI,$0,$0,,$0,,,,,,,,,,,,,
Brandon Stokley,WR,8,BAL,$0,$0,,$0,,,,,,,,,,,,,
Jacoby Ford,WR,7,OAK,$0,$0,,$0,,,,,,,,,,,,,
Terrance Williams,WR,11,DAL,$0,$0,,$0,,,,,,,,,,,,,
Earl Bennett,WR,8,CHI,$0,$0,,$0,,,,,,,,,,,,,
Harry Douglas,WR,6,ATL,$0,$0,,$0,,,,,,,,,,,,,
Julian Edelman,WR,10,NE,$0,$0,,$0,,,,,,,,,,,,,
Laurent Robinson,WR,N/A,FA,$0,$0,,$0,,,,,,,,,,,,,
Doug Baldwin,WR,12,SEA,$0,$0,,$0,,,,,,,,,,,,,
T.J. Graham,WR,12,BUF,$0,$0,,$0,,,,,,,,,,,,,
Damaris Johnson,WR,12,PHI,$0,$0,,$0,,,,,,,,,,,,,
Brian Quick,WR,11,STL,$0,$0,,$0,,,,,,,,,,,,,
Austin Pettis,WR,11,STL,$0,$0,,$0,,,,,,,,,,,,,
Eddie Royal,WR,8,SD,$0,$0,,$0,,,,,,,,,,,,,
Marlon Brown,WR,8,BAL,$0,$0,,$0,,,,,,,,,,,,,
Jerricho Cotchery,WR,5,PIT,$0,$0,,$0,,,,,,,,,,,,,
Domenik Hixon,WR,4,CAR,$0,$0,,$0,,,,,,,,,,,,,
Randy Moss,WR,N/A,FA,$0,$0,,$0,,,,,,,,,,,,,
Justin Hunter,WR,8,TEN,$0,$0,,$0,,,,,,,,,,,,,
Marlon Moore,WR,9,SF,$0,$0,,$0,,,,,,,,,,,,,
Kevin Ogletree,WR,5,TB,$0,$0,,$0,,,,,,,,,,,,,
Andrew Hawkins,WR,12,CIN,$0,$0,,$0,,,,,,,,,,,,,
Percy Harvin,WR,12,SEA,$0,$0,,$0,,,,,,,,,,,,,
Mario Manningham,WR,9,SF,$0,$0,,$0,,,,,,,,,,,,,
Jon Baldwin,WR,9,SF,$0,$0,,$0,,,,,,,,,,,,,
Travis Benjamin,WR,10,CLE,$0,$0,,$0,,,,,,,,,,,,,
Michael Crabtree,WR,9,SF,$0,$0,,$0,,,,,,,,,,,,,
Austin Collie,WR,9,SF,$0,$0,,$0,,,,,,,,,,,,,
Ace Sanders,WR,9,JAC,$0,$0,,$0,,,,,,,,,,,,,
Dwayne Harris,WR,11,DAL,$0,$0,,$0,,,,,,,,,,,,,
Quinton Patton,WR,9,SF,$0,$0,,$0,,,,,,,,,,,,,
Tommy Streeter,WR,N/A,FA,$0,$0,,$0,,,,,,,,,,,,,
Jerome Simpson,WR,5,MIN,$0,$0,,$0,,,,,,,,,,,,,
Juron Criner,WR,7,OAK,$0,$0,,$0,,,,,,,,,,,,,
Jordan Shipley,WR,9,JAC,$0,$0,,$0,,,,,,,,,,,,,
Marvin Jones,WR,12,CIN,$0,$0,,$0,,,,,,,,,,,,,
A.J. Jenkins,WR,10,KC,$0,$0,,$0,,,,,,,,,,,,,
Braylon Edwards,WR,N/A,FA,$0,$0,,$0,,,,,,,,,,,,,
Michael Jenkins,WR,N/A,FA,$0,$0,,$0,,,,,,,,,,,,,
Tiquan Underwood,WR,5,TB,$0,$0,,$0,,,,,,,,,,,,,
Marquise Goodwin,WR,12,BUF,$0,$0,,$0,,,,,,,,,,,,,
Louis Murphy,WR,9,NYG,$0,$0,,$0,,,,,,,,,,,,,
Nick Toon,WR,7,NO,$0,$0,,$0,,,,,,,,,,,,,
Stedman Bailey,WR,11,STL,$0,$0,,$0,,,,,,,,,,,,,
Keshawn Martin,WR,8,HOU,$0,$0,,$0,,,,,,,,,,,,,
Tandon Doss,WR,8,BAL,$0,$0,,$0,,,,,,,,,,,,,
Damian Williams,WR,8,TEN,$0,$0,,$0,,,,,,,,,,,,,
Kevin Walter,WR,8,TEN,$0,$0,,$0,,,,,,,,,,,,,
Kyle Williams,WR,9,SF,$0,$0,,$0,,,,,,,,,,,,,
Deion Branch,WR,N/A,FA,$0,$0,,$0,,,,,,,,,,,,,
Joseph Morgan,WR,7,NO,$0,$0,,$0,,,,,,,,,,,,,
Charles Johnson,WR,4,GB,$0,$0,,$0,,,,,,,,,,,,,
Derek Hagan,WR,N/A,FA,$0,$0,,$0,,,,,,,,,,,,,
Mike Thomas,WR,9,ARI,$0,$0,,$0,,,,,,,,,,,,,
LaVon Brazill,WR,8,IND,$0,$0,,$0,,,,,,,,,,,,,
Jermaine Kearse,WR,12,SEA,$0,$0,,$0,,,,,,,,,,,,,
Courtney Roby,WR,7,NO,$0,$0,,$0,,,,,,,,,,,,,
Plaxico Burress,WR,5,PIT,$0,$0,,$0,,,,,,,,,,,,,
Rishard Matthews,WR,6,MIA,$0,$0,,$0,,,,,,,,,,,,,
Ramses Barden,WR,9,NYG,$0,$0,,$0,,,,,,,,,,,,,
Clyde Gates,WR,10,NYJ,$0,$0,,$0,,,,,,,,,,,,,
Patrick Edwards,WR,9,DET,$0,$0,,$0,,,,,,,,,,,,,
Brice Butler,WR,7,OAK,$0,$0,,$0,,,,,,,,,,,,,
Donald Jones,WR,N/A,FA,$0,$0,,$0,,,,,,,,,,,,,
David Nelson,WR,10,CLE,$0,$0,,$0,,,,,,,,,,,,,
Josh Boyce,WR,10,NE,$0,$0,,$0,,,,,,,,,,,,,
Chaz Schilens,WR,N/A,FA,$0,$0,,$0,,,,,,,,,,,,,
Ted Ginn Jr.,WR,4,CAR,$0,$0,,$0,,,,,,,,,,,,,
Brad Smith,WR,12,BUF,$0,$0,,$0,,,,,,,,,,,,,
Lestar Jean,WR,8,HOU,$0,$0,,$0,,,,,,,,,,,,,
Mohamed Massaquoi,WR,10,NYJ,$0,$0,,$0,,,,,,,,,,,,,
DeVier Posey,WR,8,HOU,$0,$0,,$0,,,,,,,,,,,,,
Devin Aromashodu,WR,N/A,FA,$0,$0,,$0,,,,,,,,,,,,,
Mike Brown,WR,9,JAC,$0,$0,,$0,,,,,,,,,,,,,
Robert Meachem,WR,8,SD,$0,$0,,$0,,,,,,,,,,,,,
Aldrick Robinson,WR,5,WAS,$0,$0,,$0,,,,,,,,,,,,,
Cole Beasley,WR,11,DAL,$0,$0,,$0,,,,,,,,,,,,,
Marcus Easley,WR,12,BUF,$0,$0,,$0,,,,,,,,,,,,,
Deon Butler,WR,N/A,FA,$0,$0,,$0,,,,,,,,,,,,,
Justin Brown,WR,5,PIT,$0,$0,,$0,,,,,,,,,,,,,
Andre Caldwell,WR,9,DEN,$0,$0,,$0,,,,,,,,,,,,,
Russell Shepard,WR,12,PHI,$0,$0,,$0,,,,,,,,,,,,,
Tavarres King,WR,9,DEN,$0,$0,,$0,,,,,,,,,,,,,
Jeff Fuller,WR,N/A,FA,$0,$0,,$0,,,,,,,,,,,,,
Anthony Armstrong,WR,11,DAL,$0,$0,,$0,,,,,,,,,,,,,
Drew Davis,WR,6,ATL,$0,$0,,$0,,,,,,,,,,,,,
Ryan Swope,WR,N/A,FA,$0,$0,,$0,,,,,,,,,,,,,
Dane Sanzenbacher,WR,12,CIN,$0,$0,,$0,,,,,,,,,,,,,
David Reed,WR,8,IND,$0,$0,,$0,,,,,,,,,,,,,
Devin Hester,WR,8,CHI,$0,$0,,$0,,,,,,,,,,,,,
Jerrel Jernigan,WR,9,NYG,$0,$0,,$0,,,,,,,,,,,,,
Junior Hemingway,WR,10,KC,$0,$0,,$0,,,,,,,,,,,,,
Stephen Williams,WR,12,SEA,$0,$0,,$0,,,,,,,,,,,,,
Jarrett Boykin,WR,4,GB,$0,$0,,$0,,,,,,,,,,,,,
David Gettis,WR,4,CAR,$0,$0,,$0,,,,,,,,,,,,,
Matt Slater,WR,10,NE,$0,$0,,$0,,,,,,,,,,,,,
Jaron Brown,WR,9,ARI,$0,$0,,$0,,,,,,,,,,,,,
Marquess Wilson,WR,8,CHI,$0,$0,,$0,,,,,,,,,,,,,
Dezmon Briscoe,WR,5,WAS,$0,$0,,$0,,,,,,,,,,,,,
Armanti Edwards,WR,4,CAR,$0,$0,,$0,,,,,,,,,,,,,
Brian Robiskie,WR,N/A,FA,$0,$0,,$0,,,,,,,,,,,,,
Ben Obomanu,WR,10,NYJ,$0,$0,,$0,,,,,,,,,,,,,
Deonte Thompson,WR,8,BAL,$0,$0,,$0,,,,,,,,,,,,,
Matt Willis,WR,9,DET,$0,$0,,$0,,,,,,,,,,,,,
Arrelious Benn,WR,12,PHI,$0,$0,,$0,,,,,,,,,,,,,
Josh Cribbs,WR,N/A,FA,$0,$0,,$0,,,,,,,,,,,,,
Devon Wylie,WR,10,KC,$0,$0,,$0,,,,,,,,,,,,,
Lavelle Hawkins,WR,9,SF,$0,$0,,$0,,,,,,,,,,,,,
Brandon Tate,WR,12,CIN,$0,$0,,$0,,,,,,,,,,,,,
Kevin Dorsey,WR,4,GB,$0,$0,,$0,,,,,,,,,,,,,
Trindon Holliday,WR,9,DEN,$0,$0,,$0,,,,,,,,,,,,,
Kris Durham,WR,9,DET,$0,$0,,$0,,,,,,,,,,,,,
Corey Fuller,WR,9,DET,$0,$0,,$0,,,,,,,,,,,,,
Aaron Mellette,WR,8,BAL,$0,$0,,$0,,,,,,,,,,,,,
Patrick Peterson,WR,9,ARI,$0,$0,,$0,,,,,,,,,,,,,
Tyrone Walker,WR,4,GB,$0,$0,,$0,,,,,,,,,,,,,
Chad Hall,WR,9,SF,$0,$0,,$0,,,,,,,,,,,,,
Chastin West,WR,9,DET,$0,$0,,$0,,,,,,,,,,,,,
Chris Owusu,WR,5,TB,$0,$0,,$0,,,,,,,,,,,,,
Joe Anderson,WR,8,CHI,$0,$0,,$0,,,,,,,,,,,,,
Eric Weems,WR,8,CHI,$0,$0,,$0,,,,,,,,,,,,,
Kevin Cone,WR,6,ATL,$0,$0,,$0,,,,,,,,,,,,,
Greg Salas,WR,12,PHI,$0,$0,,$0,,,,,,,,,,,,,
Clay Harbor,WR,12,PHI,$0,$0,,$0,,,,,,,,,,,,,
Griff Whalen,WR,8,IND,$0,$0,,$0,,,,,,,,,,,,,
Chris Harper,WR,12,SEA,$0,$0,,$0,,,,,,,,,,,,,
Armon Binns,WR,6,MIA,$0,$0,,$0,,,,,,,,,,,,,
Josh Cooper,WR,10,CLE,$0,$0,,$0,,,,,,,,,,,,,
Saalim Hakim,WR,7,NO,$0,$0,,$0,,,,,,,,,,,,,
Preston Parker,WR,7,NO,$0,$0,,$0,,,,,,,,,,,,,
Seyi Ajirotutu,WR,8,SD,$0,$0,,$0,,,,,,,,,,,,,
Chad Bumphis,WR,6,MIA,$0,$0,,$0,,,,,,,,,,,,,
Toney Clemons,WR,9,JAC,$0,$0,,$0,,,,,,,,,,,,,
Terrance Copper,WR,N/A,FA,$0,$0,,$0,,,,,,,,,,,,,
Kerry Taylor,WR,9,ARI,$0,$0,,$0,,,,,,,,,,,,,
Stephen Burton,WR,5,MIN,$0,$0,,$0,,,,,,,,,,,,,
Jordan Norwood,WR,5,TB,$0,$0,,$0,,,,,,,,,,,,,
Chris Hogan,WR,12,BUF,$0,$0,,$0,,,,,,,,,,,,,
Kevin Elliott,WR,12,BUF,$0,$0,,$0,,,,,,,,,,,,,
Alan Bonner,WR,8,HOU,$0,$0,,$0,,,,,,,,,,,,,
Kealoha Pilares,WR,4,CAR,$0,$0,,$0,,,,,,,,,,,,,
Terrence Austin,WR,9,DET,$0,$0,,$0,,,,,,,,,,,,,
Michael Preston,WR,8,TEN,$0,$0,,$0,,,,,,,,,,,,,
Laron Byrd,WR,9,ARI,$0,$0,,$0,,,,,,,,,,,,,
Ryan Whalen,WR,12,CIN,$0,$0,,$0,,,,,,,,,,,,,
Dorin Dickerson,WR,12,BUF,$0,$0,,$0,,,,,,,,,,,,,
Cobi Hamilton,WR,12,CIN,$0,$0,,$0,,,,,,,,,,,,,
Tobais Palmer,WR,9,JAC,$0,$0,,$0,,,,,,,,,,,,,
Danny Coale,WR,11,DAL,$0,$0,,$0,,,,,,,,,,,,,
Jamar Newsome,WR,N/A,FA,$0,$0,,$0,,,,,,,,,,,,,
Mardy Gilyard,WR,N/A,FA,$0,$0,,$0,,,,,,,,,,,,,
Kassim Osgood,WR,9,SF,$0,$0,,$0,,,,,,,,,,,,,
Roberto Wallace,WR,8,TEN,$0,$0,,$0,,,,,,,,,,,,,
Demarco Sampson,WR,12,PHI,$0,$0,,$0,,,,,,,,,,,,,
Kris Adams,WR,9,NYG,$0,$0,,$0,,,,,,,,,,,,,
Nick Miller,WR,12,PHI,$0,$0,,$0,,,,,,,,,,,,,
LaQuan Williams,WR,8,BAL,$0,$0,,$0,,,,,,,,,,,,,
Carlton Mitchell,WR,11,DAL,$0,$0,,$0,,,,,,,,,,,,,
Kashif Moore,WR,5,PIT,$0,$0,,$0,,,,,,,,,,,,,
Tori Gurley,WR,8,BAL,$0,$0,,$0,,,,,,,,,,,,,
Zach Rogers,WR,10,NYJ,$0,$0,,$0,,,,,,,,,,,,,
Bryan Walters,WR,12,SEA,$0,$0,,$0,,,,,,,,,,,,,
Kamar Aiken,WR,N/A,FA,$0,$0,,$0,,,,,,,,,,,,,
Jeremy Maclin,WR,12,PHI,$0,$0,,$0,,,,,,,,,,,,,
Rico Richardson,WR,10,KC,$0,$0,,$0,,,,,,,,,,,,,
Darius Johnson,WR,6,ATL,$0,$0,,$0,,,,,,,,,,,,,
Brandon Kaufman,WR,12,BUF,$0,$0,,$0,,,,,,,,,,,,,
Richard Goodman,WR,8,SD,$0,$0,,$0,,,,,,,,,,,,,
Mark Harrison,WR,10,NE,$0,$0,,$0,,,,,,,,,,,,,
Taylor Price,WR,N/A,FA,$0,$0,,$0,,,,,,,,,,,,,
T.J. Moe,WR,10,NE,$0,$0,,$0,,,,,,,,,,,,,
Marvin McNutt,WR,6,MIA,$0,$0,,$0,,,,,,,,,,,,,
Nick Williams,WR,5,PIT,$0,$0,,$0,,,,,,,,,,,,,
Naaman Roosevelt,WR,N/A,FA,$0,$0,,$0,,,,,,,,,,,,,
Jeremy Kelley,WR,8,IND,$0,$0,,$0,,,,,,,,,,,,,
Mike Willie,WR,8,SD,$0,$0,,$0,,,,,,,,,,,,,
Roy Roundtree,WR,12,CIN,$0,$0,,$0,,,,,,,,,,,,,
Greg Orton,WR,N/A,FA,$0,$0,,$0,,,,,,,,,,,,,
Joe Webb,WR,5,MIN,$0,$0,,$0,,,,,,,,,,,,,
Charly Martin,WR,9,JAC,$0,$0,,$0,,,,,,,,,,,,,
Marc Mariani,WR,8,TEN,$0,$0,,$0,,,,,,,,,,,,,
Terrence Toliver,WR,8,CHI,$0,$0,,$0,,,,,,,,,,,,,
Ryan Spadola,WR,10,NYJ,$0,$0,,$0,,,,,,,,,,,,,
Lamaar Thomas,WR,9,DEN,$0,$0,,$0,,,,,,,,,,,,,
Conner Vernon,WR,7,OAK,$0,$0,,$0,,,,,,,,,,,,,
Josh Bellamy,WR,10,KC,$0,$0,,$0,,,,,,,,,,,,,
Jeff Maehl,WR,12,PHI,$0,$0,,$0,,,,,,,,,,,,,
David Douglas,WR,5,TB,$0,$0,,$0,,,,,,,,,,,,,
Lance Lewis,WR,N/A,FA,$0,$0,,$0,,,,,,,,,,,,,
Dan DePalma,WR,8,SD,$0,$0,,$0,,,,,,,,,,,,,
Emory Blake,WR,11,STL,$0,$0,,$0,,,,,,,,,,,,,
Andre Holmes,WR,7,OAK,$0,$0,,$0,,,,,,,,,,,,,
Danario Alexander,WR,8,SD,$0,$0,,$0,,,,,,,,,,,,,
Jeremy Ebert,WR,9,JAC,$0,$0,,$0,,,,,,,,,,,,,
Andy Tanner,WR,7,NO,$0,$0,,$0,,,,,,,,,,,,,
Micheal Spurlock,WR,9,DET,$0,$0,,$0,,,,,,,,,,,,,
Rodney Smith,WR,5,MIN,$0,$0,,$0,,,,,,,,,,,,,
Nathan Palmer,WR,N/A,FA,$0,$0,,$0,,,,,,,,,,,,,
Tim Benford,WR,11,DAL,$0,$0,,$0,,,,,,,,,,,,,
Greg Childs,WR,5,MIN,$0,$0,,$0,,,,,,,,,,,,,
Eric Page,WR,5,TB,$0,$0,,$0,,,,,,,,,,,,,
Greg Jenkins,WR,7,OAK,$0,$0,,$0,,,,,,,,,,,,,
Jeremy Ross,WR,4,GB,$0,$0,,$0,,,,,,,,,,,,,
Dwayne Allen,TE,8,IND,$0,$0,,$0,,,,,,,,,,,,,
Robert Housler,TE,9,ARI,$0,$0,,$0,,,,,,,,,,,,,
Ed Dickson,TE,8,BAL,$0,$0,,$0,,,,,,,,,,,,,
Scott Chandler,TE,12,BUF,$0,$0,,$0,,,,,,,,,,,,,
Brent Celek,TE,12,PHI,$0,$0,,$0,,,,,,,,,,,,,
Delanie Walker,TE,8,TEN,$0,$0,,$0,,,,,,,,,,,,,
Julius Thomas,TE,9,DEN,$0,$0,,$0,,,,,,,,,,,,,
Dallas Clark,TE,8,BAL,$0,$0,,$0,,,,,,,,,,,,,
James Casey,TE,12,PHI,$0,$0,,$0,,,,,,,,,,,,,
Kellen Winslow,TE,10,NYJ,$0,$0,,$0,,,,,,,,,,,,,
Anthony Fasano,TE,10,KC,$0,$0,,$0,,,,,,,,,,,,,
Tony Scheffler,TE,9,DET,$0,$0,,$0,,,,,,,,,,,,,
Zach Ertz,TE,12,PHI,$0,$0,,$0,,,,,,,,,,,,,
David Ausberry,TE,7,OAK,$0,$0,,$0,,,,,,,,,,,,,
Garrett Graham,TE,8,HOU,$0,$0,,$0,,,,,,,,,,,,,
Luke Stocker,TE,5,TB,$0,$0,,$0,,,,,,,,,,,,,
Joel Dreessen,TE,9,DEN,$0,$0,,$0,,,,,,,,,,,,,
Jeff Cumberland,TE,10,NYJ,$0,$0,,$0,,,,,,,,,,,,,
Jacob Tamme,TE,9,DEN,$0,$0,,$0,,,,,,,,,,,,,
Charles Clay,TE,6,MIA,$0,$0,,$0,,,,,,,,,,,,,
Travis Kelce,TE,10,KC,$0,$0,,$0,,,,,,,,,,,,,
Tom Crabtree,TE,5,TB,$0,$0,,$0,,,,,,,,,,,,,
Benjamin Watson,TE,7,NO,$0,$0,,$0,,,,,,,,,,,,,
Lance Kendricks,TE,11,STL,$0,$0,,$0,,,,,,,,,,,,,
Vance McDonald,TE,9,SF,$0,$0,,$0,,,,,,,,,,,,,
Tony Moeaki,TE,10,KC,$0,$0,,$0,,,,,,,,,,,,,
David Thomas,TE,N/A,FA,$0,$0,,$0,,,,,,,,,,,,,
Jake Ballard,TE,10,NE,$0,$0,,$0,,,,,,,,,,,,,
David Paulson,TE,5,PIT,$0,$0,,$0,,,,,,,,,,,,,
Mychal Rivera,TE,7,OAK,$0,$0,,$0,,,,,,,,,,,,,
Luke Willson,TE,12,SEA,$0,$0,,$0,,,,,,,,,,,,,
Gavin Escobar,TE,11,DAL,$0,$0,,$0,,,,,,,,,,,,,
Craig Stevens,TE,8,TEN,$0,$0,,$0,,,,,,,,,,,,,
Jeff King,TE,9,ARI,$0,$0,,$0,,,,,,,,,,,,,
Ladarius Green,TE,8,SD,$0,$0,,$0,,,,,,,,,,,,,
Dion Sims,TE,6,MIA,$0,$0,,$0,,,,,,,,,,,,,
Logan Paulsen,TE,5,WAS,$0,$0,,$0,,,,,,,,,,,,,
John Phillips,TE,8,SD,$0,$0,,$0,,,,,,,,,,,,,
D.J. Williams,TE,4,GB,$0,$0,,$0,,,,,,,,,,,,,
John Carlson,TE,5,MIN,$0,$0,,$0,,,,,,,,,,,,,
Lee Smith,TE,12,BUF,$0,$0,,$0,,,,,,,,,,,,,
Jordan Reed,TE,5,WAS,$0,$0,,$0,,,,,,,,,,,,,
Visanthe Shiancoe,TE,N/A,FA,$0,$0,,$0,,,,,,,,,,,,,
Taylor Thompson,TE,8,TEN,$0,$0,,$0,,,,,,,,,,,,,
Matt Spaeth,TE,5,PIT,$0,$0,,$0,,,,,,,,,,,,,
Kellen Davis,TE,10,CLE,$0,$0,,$0,,,,,,,,,,,,,
Richard Gordon,TE,7,OAK,$0,$0,,$0,,,,,,,,,,,,,
Michael Egnew,TE,6,MIA,$0,$0,,$0,,,,,,,,,,,,,
Andrew Quarless,TE,4,GB,$0,$0,,$0,,,,,,,,,,,,,
Virgil Green,TE,9,DEN,$0,$0,,$0,,,,,,,,,,,,,
Adrien Robinson,TE,9,NYG,$0,$0,,$0,,,,,,,,,,,,,
Anthony McCoy,TE,12,SEA,$0,$0,,$0,,,,,,,,,,,,,
Gary Barnidge,TE,10,CLE,$0,$0,,$0,,,,,,,,,,,,,
James Hanna,TE,11,DAL,$0,$0,,$0,,,,,,,,,,,,,
Garrett Celek,TE,9,SF,$0,$0,,$0,,,,,,,,,,,,,
Nick Kasa,TE,7,OAK,$0,$0,,$0,,,,,,,,,,,,,
Matthew Mulligan,TE,4,GB,$0,$0,,$0,,,,,,,,,,,,,
Michael Williams,TE,9,DET,$0,$0,,$0,,,,,,,,,,,,,
Allen Reisner,TE,9,JAC,$0,$0,,$0,,,,,,,,,,,,,
Jeron Mastrud,TE,7,OAK,$0,$0,,$0,,,,,,,,,,,,,
Chase Coffman,TE,6,ATL,$0,$0,,$0,,,,,,,,,,,,,
Michael Higgins,TE,7,NO,$0,$0,,$0,,,,,,,,,,,,,
Clay Harbor,TE,12,PHI,$0,$0,,$0,,,,,,,,,,,,,
Michael Palmer,TE,5,PIT,$0,$0,,$0,,,,,,,,,,,,,
Evan Moore,TE,N/A,FA,$0,$0,,$0,,,,,,,,,,,,,
Billy Bajema,TE,8,BAL,$0,$0,,$0,,,,,,,,,,,,,
Niles Paul,TE,5,WAS,$0,$0,,$0,,,,,,,,,,,,,
Konrad Reuland,TE,10,NYJ,$0,$0,,$0,,,,,,,,,,,,,
Michael Hoomanawanui,TE,10,NE,$0,$0,,$0,,,,,,,,,,,,,
Dante Rosario,TE,11,DAL,$0,$0,,$0,,,,,,,,,,,,,
Bear Pascoe,TE,9,NYG,$0,$0,,$0,,,,,,,,,,,,,
Steve Maneri,TE,8,CHI,$0,$0,,$0,,,,,,,,,,,,,
Justice Cunningham,TE,8,IND,$0,$0,,$0,,,,,,,,,,,,,
Alex Smith,TE,12,CIN,$0,$0,,$0,,,,,,,,,,,,,
Sean McGrath,TE,12,SEA,$0,$0,,$0,,,,,,,,,,,,,
Ryan Griffin,TE,8,HOU,$0,$0,,$0,,,,,,,,,,,,,
Levine Toilolo,TE,6,ATL,$0,$0,,$0,,,,,,,,,,,,,
Brett Brackett,TE,9,JAC,$0,$0,,$0,,,,,,,,,,,,,
Rhett Ellison,TE,5,MIN,$0,$0,,$0,,,,,,,,,,,,,
Weslye Saunders,TE,N/A,FA,$0,$0,,$0,,,,,,,,,,,,,
Daniel Fells,TE,10,NE,$0,$0,,$0,,,,,,,,,,,,,
D.C. Jefferson,TE,9,ARI,$0,$0,,$0,,,,,,,,,,,,,
David Johnson,TE,N/A,FA,$0,$0,,$0,,,,,,,,,,,,,
Ben Hartsock,TE,4,CAR,$0,$0,,$0,,,,,,,,,,,,,
Evan Rodriguez,TE,6,MIA,$0,$0,,$0,,,,,,,,,,,,,
Dorin Dickerson,TE,12,BUF,$0,$0,,$0,,,,,,,,,,,,,
Richie Brockel,TE,4,CAR,$0,$0,,$0,,,,,,,,,,,,,
Hayden Smith,TE,N/A,FA,$0,$0,,$0,,,,,,,,,,,,,
Kyle Adams,TE,8,CHI,$0,$0,,$0,,,,,,,,,,,,,
Kevin Brock,TE,N/A,FA,$0,$0,,$0,,,,,,,,,,,,,
Mike McNeill,TE,11,STL,$0,$0,,$0,,,,,,,,,,,,,
Ryan Otten,TE,9,JAC,$0,$0,,$0,,,,,,,,,,,,,
Jamie McCoy,TE,5,PIT,$0,$0,,$0,,,,,,,,,,,,,
Chris Gragg,TE,12,BUF,$0,$0,,$0,,,,,,,,,,,,,
Nate Byham,TE,5,TB,$0,$0,,$0,,,,,,,,,,,,,
Brody Eldridge,TE,8,CHI,$0,$0,,$0,,,,,,,,,,,,,
Jim Dray,TE,9,ARI,$0,$0,,$0,,,,,,,,,,,,,
Aaron Hernandez,TE,N/A,FA,$0,$0,,$0,,,,,,,,,,,,,
Ryan Taylor,TE,4,GB,$0,$0,,$0,,,,,,,,,,,,,
Kory Sperry,TE,9,ARI,$0,$0,,$0,,,,,,,,,,,,,
Colin Cochart,TE,11,DAL,$0,$0,,$0,,,,,,,,,,,,,
Fendi Onobun,TE,8,CHI,$0,$0,,$0,,,,,,,,,,,,,
Cory Harkey,TE,11,STL,$0,$0,,$0,,,,,,,,,,,,,
Mickey Shuler,TE,5,MIN,$0,$0,,$0,,,,,,,,,,,,,
Dan Gronkowski,TE,N/A,FA,$0,$0,,$0,,,,,,,,,,,,,
Mike Caussin,TE,12,BUF,$0,$0,,$0,,,,,,,,,,,,,
Zack Pianalto,TE,5,TB,$0,$0,,$0,,,,,,,,,,,,,
Tommy Gallarda,TE,N/A,FA,$0,$0,,$0,,,,,,,,,,,,,
Isaiah Stanback,TE,10,NE,$0,$0,,$0,,,,,,,,,,,,,
Brad Smelley,TE,10,CLE,$0,$0,,$0,,,,,,,,,,,,,
Brandon Barden,TE,8,TEN,$0,$0,,$0,,,,,,,,,,,,,
Danny Noble,TE,5,TB,$0,$0,,$0,,,,,,,,,,,,,
Dennis Pitta,TE,8,BAL,$0,$0,,$0,,,,,,,,,,,,,
Jake Stoneburner,TE,4,GB,$0,$0,,$0,,,,,,,,,,,,,
Dominique Curry,TE,9,DET,$0,$0,,$0,,,,,,,,,,,,,
Alex Silvestro,TE,8,BAL,$0,$0,,$0,,,,,,,,,,,,,
MarQueis Gray,TE,9,SF,$0,$0,,$0,,,,,,,,,,,,,
Kyle Miller,TE,6,MIA,$0,$0,,$0,,,,,,,,,,,,,
Andre Smith,TE,8,IND,$0,$0,,$0,,,,,,,,,,,,,
Brandon Bostick,TE,4,GB,$0,$0,,$0,,,,,,,,,,,,,
Jake O'Connell,TE,9,DEN,$0,$0,,$0,,,,,,,,,,,,,
Joseph Fauria,TE,9,DET,$0,$0,,$0,,,,,,,,,,,,,
Brandon Williams,TE,9,ARI,$0,$0,,$0,,,,,,,,,,,,,
Richard Quinn,TE,12,CIN,$0,$0,,$0,,,,,,,,,,,,,
Demetrius Harris,TE,10,KC,$0,$0,,$0,,,,,,,,,,,,,
Zach Potter,TE,11,STL,$0,$0,,$0,,,,,,,,,,,,,
Dominique Jones,TE,8,IND,$0,$0,,$0,,,,,,,,,,,,,
Philip Lutzenkirchen,TE,11,STL,$0,$0,,$0,,,,,,,,,,,,,
Matt Furstenburg,TE,8,BAL,$0,$0,,$0,,,,,,,,,,,,,
